req_id,category,subcategory,requirement_text,target_value,test_module,test_function,validation_method,status,priority,phase,notes,effort_weeks,dependencies,blocks,assignee,sprint,started_date,completed_date,requirement_file,external_id
REQ-INIT-001,SETUP,RTMX,RTMX integration complete,Fully configured,tests/test_rtmx.py,test_rtmx_configured,Unit Test,COMPLETE,HIGH,1,RTMX requirements traceability initialized,0.5,,,developer,v0.1,2026-05-07,2026-05-07,.rtmx/requirements/SETUP/REQ-INIT-001.md,
REQ-TOK-001,TOKENS,CORE,W3C core token definitions exist and are valid JSON,3 valid JSON files,tests/tokens/test_core.mjs,test_core_tokens_valid,Unit Test,COMPLETE,HIGH,1,Core primitives: colors spacing radius typography opacity,1,,,developer,v0.1,2026-05-07,2026-05-07,.rtmx/requirements/TOKENS/REQ-TOK-001.md,
REQ-TOK-002,TOKENS,SEMANTIC,Semantic tokens reference core tokens correctly,All refs resolve,tests/tokens/test_semantic.mjs,test_semantic_refs_resolve,Unit Test,COMPLETE,HIGH,1,Affiliation status surface text map brand team tokens,1,,REQ-TOK-001,,developer,v0.1,2026-05-07,,
REQ-TOK-003,TOKENS,COMPONENT,Component tokens reference semantic/core tokens correctly,All refs resolve,tests/tokens/test_component.mjs,test_component_refs_resolve,Unit Test,COMPLETE,HIGH,1,Button toolbar sidebar marker overlay coordinate alert base tokens,1,,REQ-TOK-002,,developer,v0.1,2026-05-07,,
REQ-TOK-004,TOKENS,VALIDATION,Token validation script catches errors,Zero validation errors,tests/tokens/test_validate.mjs,test_validate_passes,Unit Test,COMPLETE,HIGH,1,Validates JSON structure types hex values references,0.5,,REQ-TOK-001,,developer,v0.1,2026-05-07,,
REQ-TOK-005,TOKENS,MIL-STD,Affiliation colors comply with MIL-STD-2525 / APP-6,6 affiliation colors defined,tests/tokens/test_milstd.mjs,test_affiliation_colors,Unit Test,COMPLETE,MEDIUM,1,Friendly hostile neutral unknown suspect pending,0.5,,REQ-TOK-002,,developer,v0.1,2026-05-07,,
REQ-BLD-001,BUILD,PIPELINE,Style Dictionary v4 build runs without errors,Exit code 0,tests/build/test_build.mjs,test_build_all_platforms,Integration Test,COMPLETE,HIGH,1,All platform transforms execute successfully,1,,REQ-TOK-003,,developer,v0.1,2026-05-07,,
REQ-BLD-002,BUILD,ANDROID-XML,Android XML resources generated correctly,tak_colors.xml and tak_dimens.xml exist,tests/build/test_android.mjs,test_android_xml_output,Integration Test,COMPLETE,HIGH,1,XML color resources with AARRGGBB format and dp dimensions,1,,REQ-BLD-001,,developer,v0.1,2026-05-07,,
REQ-BLD-003,BUILD,COMPOSE,Jetpack Compose Kotlin generated correctly,TakColors.kt exists with valid Kotlin,tests/build/test_compose.mjs,test_compose_kotlin_output,Integration Test,COMPLETE,HIGH,1,Package co.iotactical.tak.designsystem with Color constants,1,,REQ-BLD-001,,developer,v0.1,2026-05-07,,
REQ-BLD-004,BUILD,CSS,CSS custom properties generated correctly,tak-tokens.css with --tak- prefix,tests/build/test_css.mjs,test_css_output,Integration Test,COMPLETE,HIGH,1,Root-level CSS variables no double-prefix,1,,REQ-BLD-001,,developer,v0.1,2026-05-07,,
REQ-BLD-005,BUILD,VSCODE,VS Code dark theme generated correctly,tak-dark-theme.json exists,tests/build/test_vscode.mjs,test_vscode_theme_output,Integration Test,COMPLETE,MEDIUM,1,Dark theme with editor UI and syntax token colors,0.5,,REQ-BLD-001,,developer,v0.1,2026-05-07,,
REQ-BLD-006,BUILD,NO-DOUBLE-PREFIX,CSS output has no double-prefix bug,No ----tak- in output,tests/build/test_css.mjs,test_no_double_prefix,Unit Test,COMPLETE,HIGH,1,Regression check for double-prefix bug,0.5,,REQ-BLD-004,,developer,v0.1,2026-05-07,,
REQ-RCT-001,REACT,BUTTON,Button component renders with primary secondary danger variants,3 variants render correctly,tests/react/test_button.mjs,test_button_variants,Unit Test,COMPLETE,HIGH,2,Accessible styled with CSS modules className merging,1,,REQ-BLD-004,,developer,v0.2,2026-05-07,,
REQ-RCT-002,REACT,TOOLBAR,ToolBar component renders with slots,Leading title trailing slots,tests/react/test_toolbar.mjs,test_toolbar_slots,Unit Test,COMPLETE,HIGH,2,Role toolbar accessibility,0.5,,REQ-BLD-004,,developer,v0.2,2026-05-07,,
REQ-RCT-003,REACT,MODAL,Modal component opens closes with ESC and click-outside,Open/close behavior works,tests/react/test_modal.mjs,test_modal_behavior,Unit Test,COMPLETE,HIGH,2,Dialog role aria-modal backdrop dismiss,1,,REQ-BLD-004,,developer,v0.2,2026-05-07,,
REQ-RCT-004,REACT,EDITTEXT,EditText component renders with label error and icon slots,Input with validation states,tests/react/test_edittext.mjs,test_edittext_states,Unit Test,COMPLETE,MEDIUM,2,Label association error color change leading/trailing slots,0.5,,REQ-BLD-004,,developer,v0.2,2026-05-07,,
REQ-RCT-005,REACT,TABLAYOUT,TabLayout component supports controlled and uncontrolled modes,Tab switching works,tests/react/test_tablayout.mjs,test_tablayout_modes,Unit Test,COMPLETE,MEDIUM,2,Tablist tabpanel roles onChange callback,0.5,,REQ-BLD-004,,developer,v0.2,2026-05-07,,
REQ-RCT-006,REACT,THEME,TakThemeProvider manages dark/light mode,Theme toggle works,tests/react/test_theme.mjs,test_theme_provider,Unit Test,COMPLETE,HIGH,2,Context API data-tak-theme attribute useThakTheme hook,0.5,,REQ-BLD-004,,developer,v0.2,2026-05-07,,
REQ-RCT-007,REACT,BUILD,React library builds ESM and CJS bundles,dist/ contains .js .cjs .d.ts .css,tests/react/test_react_build.mjs,test_react_dist,Integration Test,COMPLETE,HIGH,2,Vite build with type generation,0.5,,REQ-RCT-006,,developer,v0.2,2026-05-07,,
REQ-AST-001,ASSETS,ICONS,Role-based tactical icon set is complete,26 PNG icons present,tests/assets/test_icons.mjs,test_role_icons_exist,Unit Test,COMPLETE,MEDIUM,1,Team lead HQ FO K9 medic RTO sniper with human/nogps variants,0.5,,,developer,v0.1,2026-05-07,2026-05-07,.rtmx/requirements/ASSETS/REQ-AST-001.md,
REQ-AST-002,ASSETS,COT,COT icon filter mapping is valid XML,icon_filters.xml parses,tests/assets/test_cot.mjs,test_icon_filters_valid,Unit Test,COMPLETE,MEDIUM,1,50+ filter mappings for Cursor on Target types,0.5,,,developer,v0.1,2026-05-07,2026-05-07,.rtmx/requirements/ASSETS/REQ-AST-002.md,
REQ-AST-003,ASSETS,MIL-STD-2525,MIL-STD-2525 symbol mapping CSV is valid,ms2525cd-mapping.csv parses,tests/assets/test_milstd_csv.mjs,test_milstd_csv_valid,Unit Test,COMPLETE,MEDIUM,1,Symbol codes to D-codes bidirectional reference,0.5,,,developer,v0.1,2026-05-07,2026-05-07,.rtmx/requirements/ASSETS/REQ-AST-003.md,
REQ-CI-001,CI,PIPELINE,CI pipeline validates builds and releases on push to main,Pipeline passes on clean push,tests/ci/test_pipeline.mjs,test_ci_green,Integration Test,COMPLETE,MEDIUM,1,Validate then build then release stages,1,,REQ-BLD-001,,developer,v0.1,2026-05-08,,
REQ-CI-002,CI,ARTIFACTS,Build artifacts uploaded with 30-day retention,Artifact available after build,tests/ci/test_artifacts.mjs,test_artifacts_uploaded,Integration Test,COMPLETE,HIGH,1,Tarball uploaded to GitHub Actions,0.5,,REQ-CI-001,,developer,v0.1,2026-05-08,,
REQ-CI-003,CI,RELEASE,GitHub Release created with version tag on main push,Release with tarball exists,tests/ci/test_release.mjs,test_release_created,Integration Test,COMPLETE,HIGH,1,Auto-generated release notes,0.5,,REQ-CI-002,,developer,v0.1,2026-05-08,,
REQ-CI-004,CI,DISPATCH,Repository dispatch sent to defense-builders-sdk on release,Event dispatched,tests/ci/test_dispatch.mjs,test_dispatch_sent,Integration Test,COMPLETE,MEDIUM,1,design-system-update event with version payload,0.5,,REQ-CI-003,,developer,v0.1,2026-05-08,,
REQ-PKG-001,PACKAGE,RELEASE,Release tarball contains all required artifacts,Tarball structure correct,tests/package/test_tarball.mjs,test_tarball_contents,Integration Test,COMPLETE,HIGH,1,Tokens platforms data icons react dist license readme,1,,REQ-RCT-007,,developer,v0.1,2026-05-08,,
REQ-SYM-001,SYMBOLOGY,2525B-CROSSWALK,MIL-STD-2525B to D/E crosswalk dataset,B 15-char SIDCs map to 20-char D/E codes,tests/symbology/test_b2d_crosswalk.mjs,test_b2d_crosswalk_valid,Unit Test,MISSING,HIGH,2,Gap not covered by missioncommand/mil-sym-ts which only has C→D,3,,REQ-AST-003,,developer,v0.2,,,.rtmx/requirements/SYMBOLOGY/REQ-SYM-001.md
REQ-SYM-002,SYMBOLOGY,TOKEN-COLOR-BRIDGE,Design token to mil-sym affiliation color bridge,takTokens.affiliation maps to renderer color API,tests/symbology/test_color_bridge.mjs,test_affiliation_color_bridge,Unit Test,COMPLETE,HIGH,2,Maps TAK design tokens to mil-sym-ts/java/android renderer color input,1,,REQ-TOK-005,,developer,v0.2,2026-05-08,,.rtmx/requirements/SYMBOLOGY/REQ-SYM-002.md
REQ-SYM-003,SYMBOLOGY,WPF-RENDERER,WPF/XAML military symbology renderer for WinTAK,mil-sym-wpf renders 2525D/E SIDCs as WPF visuals,tests/symbology/test_wpf_renderer.mjs,test_wpf_renderer_spec,Unit Test,MISSING,HIGH,3,No WPF renderer exists in missioncommand ecosystem; WinTAK uses Spyglass (proprietary),4,,REQ-SYM-001,,developer,v0.3,,,.rtmx/requirements/SYMBOLOGY/REQ-SYM-003.md
REQ-PLN-001,PLANNED,WINTAK,WinTAK WPF ResourceDictionary generation,XAML ResourceDictionary with ComponentResourceKey,tests/build/test_wintak.mjs,test_wintak_xaml_output,Integration Test,MISSING,MEDIUM,3,WPF brushes and styles matching WinTak.UI.Controls.Themes.ResourceKeys pattern,2,,REQ-BLD-001,,developer,v0.3,,,.rtmx/requirements/PLANNED/REQ-PLN-001.md
REQ-STY-001,STYLES,COLORS,ATAK color palette complete mapping,55 named colors + 9 state lists as W3C tokens,tests/styles/test_colors.mjs,test_atak_colors_complete,Unit Test,COMPLETE,MEDIUM,2,All ATAK named colors mapped to core/semantic tokens,1,,REQ-TOK-001,,developer,v0.2,2026-05-08,,.rtmx/requirements/STYLES/REQ-STY-001.md
REQ-STY-002,STYLES,DIMENSIONS,ATAK dimension complete mapping,81 dimensions as W3C tokens,tests/styles/test_dimens.mjs,test_atak_dimens_complete,Unit Test,COMPLETE,HIGH,2,All ATAK dp/sp dimensions mapped with rem conversion,1,,REQ-TOK-001,,developer,v0.2,2026-05-08,,.rtmx/requirements/STYLES/REQ-STY-002.md
REQ-STY-003,STYLES,THEME,ATAK base theme token definition,ATAKTheme captured as semantic token set,tests/styles/test_theme.mjs,test_atak_theme_tokens,Unit Test,COMPLETE,MEDIUM,2,Dark-only theme based on Holo.NoActionBar with 15+ attributes,1,,REQ-STY-001,,developer,v0.2,2026-05-08,,.rtmx/requirements/STYLES/REQ-STY-003.md
REQ-STY-004,STYLES,BUTTONS,ATAK button style family tokens,6 button variants as component tokens,tests/styles/test_buttons.mjs,test_atak_button_styles,Unit Test,COMPLETE,HIGH,2,AtakButton base alert inverse marker secondary secondary-black,1,,REQ-STY-003,,developer,v0.2,2026-05-08,,.rtmx/requirements/STYLES/REQ-STY-004.md
REQ-STY-005,STYLES,TYPOGRAPHY,ATAK typography style family tokens,9 text appearance variants as tokens,tests/styles/test_typography.mjs,test_atak_typography_styles,Unit Test,COMPLETE,HIGH,2,Body Header1-4 Toolbar Button Button.Inverse Button.Secondary,1,,REQ-STY-003,,developer,v0.2,2026-05-08,,.rtmx/requirements/STYLES/REQ-STY-005.md
REQ-STY-006,STYLES,DIALOGS,ATAK dialog style tokens,6 dialog variants as component tokens,tests/styles/test_dialogs.mjs,test_atak_dialog_styles,Unit Test,COMPLETE,MEDIUM,2,standardDialog newAlertDialog full_screen_dialog text appearances,0.5,,REQ-STY-003,,developer,v0.2,2026-05-08,,.rtmx/requirements/STYLES/REQ-STY-006.md
REQ-STY-007,STYLES,NAVIGATION,ATAK navigation widget tokens,4 nav widget variants as component tokens,tests/styles/test_navigation.mjs,test_atak_nav_styles,Unit Test,COMPLETE,HIGH,2,NavButton NavButtonDragHighlight NavZoomButton CompassButton,0.5,,REQ-STY-003,,developer,v0.2,2026-05-08,,.rtmx/requirements/STYLES/REQ-STY-007.md
REQ-STY-008,STYLES,LISTS,ATAK list/table style tokens,5 list variants as component tokens,tests/styles/test_lists.mjs,test_atak_list_styles,Unit Test,COMPLETE,MEDIUM,2,listView listViewItem title secondary tertiary tiers,0.5,,REQ-STY-003,,developer,v0.2,2026-05-08,,.rtmx/requirements/STYLES/REQ-STY-008.md
REQ-STY-009,STYLES,INPUTS,ATAK input widget tokens,6 input variants as component tokens,tests/styles/test_inputs.mjs,test_atak_input_styles,Unit Test,COMPLETE,HIGH,2,ATAKEditText AutoComplete Spinner CheckBox Switch,0.5,,REQ-STY-003,,developer,v0.2,2026-05-08,,.rtmx/requirements/STYLES/REQ-STY-009.md
REQ-STY-010,STYLES,TABS,ATAK tab widget tokens,5 tab variants as component tokens,tests/styles/test_tabs.mjs,test_atak_tab_styles,Unit Test,COMPLETE,MEDIUM,2,newTab newTabLeft newTabRight newTabTitle newTabWidget,0.5,,REQ-STY-003,,developer,v0.2,2026-05-08,,.rtmx/requirements/STYLES/REQ-STY-010.md
REQ-STY-011,STYLES,ATTRIBUTES,ATAK custom attribute definitions,32 attrs as component token interfaces,tests/styles/test_attrs.mjs,test_atak_custom_attrs,Unit Test,COMPLETE,MEDIUM,2,buttonImage buttonImageTint iconSize state_entered state_error etc,0.5,,REQ-STY-003,,developer,v0.2,2026-05-08,,.rtmx/requirements/STYLES/REQ-STY-011.md
REQ-STY-012,STYLES,STATE-LISTS,ATAK color state list definitions,9 state-dependent color definitions as tokens,tests/styles/test_state_lists.mjs,test_atak_state_lists,Unit Test,COMPLETE,HIGH,2,button_foreground callsign icon_tint nav_item textview_colors,0.5,,REQ-STY-001,,developer,v0.2,2026-05-08,,.rtmx/requirements/STYLES/REQ-STY-012.md
REQ-ICN-001,ICONS,CATALOG,ATAK drawable resource catalog,1317 drawables indexed in JSON manifest,tests/icons/test_catalog.mjs,test_drawable_catalog,Unit Test,COMPLETE,HIGH,3,Complete index with category and type classification,2,,REQ-STY-001,,developer,v0.3,2026-05-08,,.rtmx/requirements/ICONS/REQ-ICN-001.md
REQ-ICN-002,ICONS,VECTORS,ATAK vector drawable SVG extraction,174 vector drawables converted to SVG,tests/icons/test_vectors.mjs,test_vector_svg_extraction,Unit Test,COMPLETE,HIGH,3,Android vector XML to platform-agnostic SVG,2,,REQ-ICN-001,,developer,v0.3,2026-05-08,,.rtmx/requirements/ICONS/REQ-ICN-002.md
REQ-ICN-003,ICONS,MENU,ATAK menu icon library,83 ic_menu_* icons as SVG,tests/icons/test_menu_icons.mjs,test_menu_icon_library,Unit Test,COMPLETE,HIGH,3,Radial and overflow menu action icons,1,,REQ-ICN-002,,developer,v0.3,2026-05-08,,.rtmx/requirements/ICONS/REQ-ICN-003.md
REQ-ICN-004,ICONS,NAVIGATION,ATAK navigation icon library,119 nav_* icons as SVG,tests/icons/test_nav_icons.mjs,test_nav_icon_library,Unit Test,COMPLETE,HIGH,3,Navigation toolbar icons,1,,REQ-ICN-002,,developer,v0.3,2026-05-08,,.rtmx/requirements/ICONS/REQ-ICN-004.md
REQ-ICN-005,ICONS,BUTTONS,ATAK button state drawables,40 btn_* as platform-agnostic state definitions,tests/icons/test_btn_states.mjs,test_button_state_drawables,Unit Test,COMPLETE,MEDIUM,3,Button normal pressed disabled nine-patch states,1,,REQ-ICN-001,,developer,v0.3,2026-05-08,,.rtmx/requirements/ICONS/REQ-ICN-005.md
REQ-ICN-006,ICONS,SHAPES,ATAK shape drawable library,118 shapes as CSS/SVG/XAML,tests/icons/test_shapes.mjs,test_shape_drawables,Unit Test,COMPLETE,MEDIUM,3,Shape drawables as cross-platform equivalents,1,,REQ-ICN-001,,developer,v0.3,2026-05-08,,.rtmx/requirements/ICONS/REQ-ICN-006.md
REQ-ICN-007,ICONS,SELECTORS,ATAK selector/state-list definitions,117 state lists as cross-platform state maps,tests/icons/test_selectors.mjs,test_selector_definitions,Unit Test,COMPLETE,MEDIUM,3,Android state lists to platform-agnostic JSON,1,,REQ-ICN-001,,developer,v0.3,2026-05-08,,.rtmx/requirements/ICONS/REQ-ICN-007.md
REQ-ICN-008,ICONS,RADIAL-MENUS,ATAK radial menu definitions,110 menu XMLs as structured JSON,tests/icons/test_radial_menus.mjs,test_radial_menu_defs,Unit Test,COMPLETE,HIGH,3,Menu definitions with sectors and actions,1,,REQ-ICN-001,,developer,v0.3,2026-05-08,,.rtmx/requirements/ICONS/REQ-ICN-008.md
REQ-ICN-009,ICONS,MARKERS,ATAK location entry marker set,46 enter_location_* markers as SVG,tests/icons/test_markers.mjs,test_location_markers,Unit Test,COMPLETE,MEDIUM,3,Colored location entry markers,0.5,,REQ-ICN-002,,developer,v0.3,2026-05-08,,.rtmx/requirements/ICONS/REQ-ICN-009.md
REQ-ICN-010,ICONS,CHROME,ATAK toolbar/tab/toggle drawable sets,45 chrome drawables as cross-platform,tests/icons/test_chrome.mjs,test_chrome_drawables,Unit Test,COMPLETE,MEDIUM,3,Toolbar tab toggle UI chrome elements,0.5,,REQ-ICN-001,,developer,v0.3,2026-05-08,,.rtmx/requirements/ICONS/REQ-ICN-010.md
REQ-CMP-001,COMPONENTS,NAVBAR,NavBar/ActionBar component,Main ATAK toolbar with hamburger search layers tools,tests/components/test_navbar.mjs,test_navbar_component,Unit Test,COMPLETE,MEDIUM,3,Hamburger menu search bar action icons overflow,2,,REQ-STY-007,,developer,v0.3,2026-05-08,,.rtmx/requirements/COMPONENTS/REQ-CMP-001.md
REQ-CMP-002,COMPONENTS,RADIAL-MENU,RadialMenu component,Configurable pie/circular context menus,tests/components/test_radial_menu.mjs,test_radial_menu_component,Unit Test,COMPLETE,MEDIUM,3,4/6/8 sector radial menus with sub-menus,2,,REQ-ICN-008,,developer,v0.3,2026-05-08,,.rtmx/requirements/COMPONENTS/REQ-CMP-002.md
REQ-CMP-003,COMPONENTS,DOCKPANE,DockPane component,Slide-out panels with resize and minimize,tests/components/test_dockpane.mjs,test_dockpane_component,Unit Test,COMPLETE,HIGH,3,Panel headers resize handles minimize/maximize,1.5,,REQ-STY-003,,developer,v0.3,2026-05-08,,.rtmx/requirements/COMPONENTS/REQ-CMP-003.md
REQ-CMP-004,COMPONENTS,COORDINATE,CoordinateDisplay component,MGRS/lat-lon overlay with format switching,tests/components/test_coordinate.mjs,test_coordinate_component,Unit Test,COMPLETE,HIGH,3,MGRS DD DMS UTM formats with monospace font,1,,REQ-STY-005,,developer,v0.3,2026-05-08,,.rtmx/requirements/COMPONENTS/REQ-CMP-004.md
REQ-CMP-005,COMPONENTS,RANGE-BEARING,RangeBearing widget,Map distance/bearing overlay,tests/components/test_range_bearing.mjs,test_range_bearing_component,Unit Test,COMPLETE,MEDIUM,3,Arc ring bearing line with unit conversion,1,,REQ-STY-003,,developer,v0.3,2026-05-08,,.rtmx/requirements/COMPONENTS/REQ-CMP-005.md
REQ-CMP-006,COMPONENTS,CHAT,ChatPanel component,Tactical messaging with GeoChat,tests/components/test_chat.mjs,test_chat_component,Unit Test,COMPLETE,HIGH,3,Message bubbles channels unread badges coordinate links,1.5,,REQ-STY-003,,developer,v0.3,2026-05-08,,.rtmx/requirements/COMPONENTS/REQ-CMP-006.md
REQ-CMP-007,COMPONENTS,ROUTE,RoutePlanner component,Waypoint and route planning UI,tests/components/test_route.mjs,test_route_component,Unit Test,COMPLETE,MEDIUM,3,Waypoint list distance/ETA turn-by-turn,1.5,,REQ-STY-003,,developer,v0.3,2026-05-08,,.rtmx/requirements/COMPONENTS/REQ-CMP-007.md
REQ-CMP-008,COMPONENTS,NINE-LINE,NineLineForm component,Structured military forms CAS/MEDEVAC/SALUTE,tests/components/test_nine_line.mjs,test_nine_line_component,Unit Test,COMPLETE,HIGH,3,Data-driven form schemas with CoT export,1.5,,REQ-STY-009,,developer,v0.3,2026-05-08,,.rtmx/requirements/COMPONENTS/REQ-CMP-008.md
REQ-CMP-009,COMPONENTS,STATUS,StatusIndicators component set,Connection GPS battery status indicators,tests/components/test_status.mjs,test_status_indicators,Unit Test,COMPLETE,HIGH,3,State-driven colors and animations,1,,REQ-STY-012,,developer,v0.3,2026-05-08,,.rtmx/requirements/COMPONENTS/REQ-CMP-009.md
REQ-CMP-010,COMPONENTS,MAP-OVERLAY,MapOverlay widgets,Scale bar compass heading elevation profile,tests/components/test_map_overlay.mjs,test_map_overlay_widgets,Unit Test,COMPLETE,MEDIUM,3,Dynamic scale compass elevation with drag-to-inspect,1.5,,REQ-STY-003,,developer,v0.3,2026-05-08,,.rtmx/requirements/COMPONENTS/REQ-CMP-010.md
REQ-CMP-011,COMPONENTS,MARKER-DETAIL,MarkerDetail component,CoT marker info panel with actions,tests/components/test_marker_detail.mjs,test_marker_detail_component,Unit Test,COMPLETE,HIGH,3,2525 symbol staleness indicator action bar,1,,REQ-STY-003,,developer,v0.3,2026-05-08,,.rtmx/requirements/COMPONENTS/REQ-CMP-011.md
REQ-CMP-012,COMPONENTS,USER-LIST,UserList component,Team roster with status indicators,tests/components/test_user_list.mjs,test_user_list_component,Unit Test,COMPLETE,MEDIUM,3,Color indicators online/stale filtering multi-select,1,,REQ-STY-008,,developer,v0.3,2026-05-08,,.rtmx/requirements/COMPONENTS/REQ-CMP-012.md
REQ-CMP-013,COMPONENTS,FORM-CONTROLS,Form controls component set,Checkbox Switch Spinner Radio ProgressBar,tests/components/test_form_controls.mjs,test_form_controls,Unit Test,COMPLETE,HIGH,3,All matching ATAK native styles,1,,REQ-STY-009,,developer,v0.3,2026-05-08,,.rtmx/requirements/COMPONENTS/REQ-CMP-013.md
REQ-CMP-014,COMPONENTS,LISTVIEW,ListView component,Multi-tier scrollable lists,tests/components/test_listview.mjs,test_listview_component,Unit Test,COMPLETE,MEDIUM,3,Sticky headers multi-select pull-to-refresh virtualized,1,,REQ-STY-008,,developer,v0.3,2026-05-08,,.rtmx/requirements/COMPONENTS/REQ-CMP-014.md
REQ-CMP-015,COMPONENTS,DIALOG,DialogPanel component set,Alert confirm full-screen dialogs,tests/components/test_dialog.mjs,test_dialog_components,Unit Test,COMPLETE,HIGH,3,Focus trap stacking destructive variant,1,,REQ-STY-006,,developer,v0.3,2026-05-08,,.rtmx/requirements/COMPONENTS/REQ-CMP-015.md
REQ-APK-001,ASSETS-PACKS,CORE-ICONS,ATAK core asset icon inventory,300 loose icons cataloged and SVG converted,tests/asset-packs/test_core_icons.mjs,test_core_icon_inventory,Unit Test,COMPLETE,HIGH,4,CoT markers altitude indicators tool icons file-type icons,2,,REQ-ICN-001,,developer,v0.4,2026-05-08,,.rtmx/requirements/ASSETS-PACKS/REQ-APK-001.md
REQ-APK-002,ASSETS-PACKS,RESPONDER,First Responder iconset,1117 icons extracted cataloged,tests/asset-packs/test_responder.mjs,test_responder_iconset,Unit Test,COMPLETE,MEDIUM,4,Law enforcement fire EMS hazmat SAR,2,,REQ-ICN-001,,developer,v0.4,2026-05-08,,.rtmx/requirements/ASSETS-PACKS/REQ-APK-002.md
REQ-APK-003,ASSETS-PACKS,FALCONVIEW,FalconView iconset,489 icons extracted cataloged,tests/asset-packs/test_falconview.mjs,test_falconview_iconset,Unit Test,COMPLETE,MEDIUM,4,FalconView mapping icons,1,,REQ-ICN-001,,developer,v0.4,2026-05-08,,.rtmx/requirements/ASSETS-PACKS/REQ-APK-003.md
REQ-APK-004,ASSETS-PACKS,AIR,Air Platform iconset,51 icons extracted,tests/asset-packs/test_air.mjs,test_air_iconset,Unit Test,COMPLETE,MEDIUM,4,Fixed-wing rotary-wing UAV platforms,0.5,,REQ-ICN-001,,developer,v0.4,2026-05-08,,.rtmx/requirements/ASSETS-PACKS/REQ-APK-004.md
REQ-APK-005,ASSETS-PACKS,WILDFIRE,Wildfire Management iconset,48 icons extracted,tests/asset-packs/test_wildfire.mjs,test_wildfire_iconset,Unit Test,COMPLETE,MEDIUM,4,NWCG symbology wildfire management,0.5,,REQ-ICN-001,,developer,v0.4,2026-05-08,,.rtmx/requirements/ASSETS-PACKS/REQ-APK-005.md
REQ-APK-006,ASSETS-PACKS,INCIDENT,Incident Management iconset,12 icons extracted,tests/asset-packs/test_incident.mjs,test_incident_iconset,Unit Test,COMPLETE,LOW,4,ICS/NIMS function categorization,0.5,,REQ-ICN-001,,developer,v0.4,2026-05-08,,.rtmx/requirements/ASSETS-PACKS/REQ-APK-006.md
REQ-APK-007,ASSETS-PACKS,LPT,Landing Point Tactical icons,217 LPT icons cataloged,tests/asset-packs/test_lpt.mjs,test_lpt_iconset,Unit Test,COMPLETE,MEDIUM,4,HLZ aircraft types colored markers,1,,REQ-ICN-001,,developer,v0.4,2026-05-08,,.rtmx/requirements/ASSETS-PACKS/REQ-APK-007.md
REQ-APK-008,ASSETS-PACKS,FONTS,ATAK font bundle,4 fonts licensed and cross-platform packaged,tests/asset-packs/test_fonts.mjs,test_font_bundle,Unit Test,COMPLETE,HIGH,4,Digital Digital-Bold Roboto-Bold Roboto-Condensed WOFF2 conversion,0.5,,,,developer,v0.4,2026-05-08,,.rtmx/requirements/ASSETS-PACKS/REQ-APK-008.md
REQ-APK-009,ASSETS-PACKS,MAP-STYLES,ATAK map tile style definitions,bright/dark/overlay as cross-platform specs,tests/asset-packs/test_map_styles.mjs,test_map_tile_styles,Unit Test,COMPLETE,HIGH,4,MapLibre GL conversion color token extraction,1,,REQ-STY-001,,developer,v0.4,2026-05-08,,.rtmx/requirements/ASSETS-PACKS/REQ-APK-009.md
REQ-SITE-001,SITE,PREVIEW,GitHub Pages design system preview site,Site deploys and shows all tokens/themes,tests/site/test_site_build.mjs,test_site_builds,Integration Test,COMPLETE,HIGH,4,Token browser color palette typography spacing visualization,2,,REQ-BLD-004,,developer,v0.4,2026-05-08,,.rtmx/requirements/SITE/REQ-SITE-001.md
REQ-SITE-002,SITE,GALLERY,Component gallery with live previews,Every React component has a gallery entry,tests/site/test_component_gallery.mjs,test_gallery_pages,Integration Test,COMPLETE,HIGH,4,Live render prop table code snippet variant selector,2,,REQ-SITE-001,,developer,v0.4,2026-05-08,,.rtmx/requirements/SITE/REQ-SITE-002.md
REQ-SITE-003,SITE,ICONS,Icon and drawable browser,1317 drawables searchable and downloadable,tests/site/test_icon_browser.mjs,test_icon_browser,Integration Test,COMPLETE,HIGH,4,Search filter by name type category SVG/PNG preview download,2,,REQ-SITE-001,,developer,v0.4,2026-05-08,,.rtmx/requirements/SITE/REQ-SITE-003.md
REQ-SITE-004,SITE,PLATFORMS,Platform output reference pages,Generated output viewable for each platform,tests/site/test_platform_reference.mjs,test_platform_pages,Integration Test,COMPLETE,MEDIUM,4,Android Compose CSS VS Code WPF mil-sym bridge code snippets,1,,REQ-SITE-001,,developer,v0.4,2026-05-08,,.rtmx/requirements/SITE/REQ-SITE-004.md
REQ-SITE-005,SITE,PALETTES,Icon palette browser with all 14 ATAK palettes,Tabbed palette viewer matching ATAK icon pallet dialog,tests/site/test_palettes.mjs,test_palettes_page,Integration Test,COMPLETE,HIGH,4,Markers Spot Map Vehicle Models Google OSM Generic FEMA Default FalconView Incident PS Air Responder GeoOps,2,,REQ-SITE-001,,developer,v0.4,2026-05-08,,.rtmx/requirements/SITE/REQ-SITE-005.md
REQ-APK-010,ASSETS-PACKS,SQLITE-PALETTES,SQLite-embedded icon palettes extracted,6 iconsets from iconsets.sqlite as PNGs and manifests,tests/asset-packs/test_sqlite_palettes.mjs,test_sqlite_palettes,Unit Test,COMPLETE,HIGH,4,Default 821 + Generic 657 + OSM 347 + Google 96 + FEMA 42 + GeoOps 68,2,,REQ-ICN-001,,developer,v0.4,2026-05-08,,.rtmx/requirements/ASSETS-PACKS/REQ-APK-010.md
REQ-APK-011,ASSETS-PACKS,VEHICLES,Vehicle models palette cataloged,93 vehicle models across 4 categories,tests/asset-packs/test_vehicles.mjs,test_vehicle_models,Unit Test,COMPLETE,MEDIUM,4,Aircraft 69 + automobiles 18 + maritime 5 + other 1,0.5,,,,developer,v0.4,2026-05-08,,.rtmx/requirements/ASSETS-PACKS/REQ-APK-011.md
REQ-CMP-016,COMPONENTS,SKITTLE,Skittle/Team Marker component,Directional arrow with team color tint and staleness states,tests/components/test_skittle.mjs,test_skittle_component,Unit Test,MISSING,CRITICAL,3,15 team colors heading rotation connected/stale/expired states 8 roles,2,,REQ-STY-012,,developer,v0.3,,,.rtmx/requirements/COMPONENTS/REQ-CMP-016.md,
REQ-SYM-004,SYMBOLOGY,2525B-OLD-MILSYM,2525B code table from old-mil-sym-java,B entity codes extracted and crosswalk built,tests/symbology/test_b2d_crosswalk.mjs,test_b2d_crosswalk_valid,Unit Test,MISSING,HIGH,2,Chain B→C from old repo with C→D from mil-sym-ts,3,,REQ-AST-003,,developer,v0.2,,,.rtmx/requirements/SYMBOLOGY/REQ-SYM-004.md,
REQ-SITE-006,SITE,PALETTE-FIX,Palette icon rendering fix,All palette icons render in browser,tests/site/test_palette_rendering.mjs,test_palette_icons_render,Integration Test,MISSING,HIGH,4,SQLite and ZIP palette PNGs served from public dir,1,,REQ-SITE-005,,developer,v0.4,,,.rtmx/requirements/SITE/REQ-SITE-006.md,
REQ-SITE-007,SITE,BDD-SPECS,BDD workflow specifications in Gherkin syntax,Gherkin .feature files for major TAK workflows,tests/bdd/test_gherkin_valid.mjs,test_feature_files_valid,Unit Test,MISSING,HIGH,4,CoT lifecycle team mgmt routing messaging 9-line plugins,3,,,,developer,v0.4,,,.rtmx/requirements/SITE/REQ-SITE-007.md,
REQ-SITE-008,SITE,INTERFACES,TAK interface enumeration external and internal,Complete interface catalog as JSON,tests/interfaces/test_interface_catalog.mjs,test_interfaces_valid,Unit Test,MISSING,HIGH,4,CoT protocols REST APIs plugin APIs data formats,2,,,,developer,v0.4,,,.rtmx/requirements/SITE/REQ-SITE-008.md,
REQ-SITE-009,SITE,3D-VIEWER,Interactive 3D vehicle model viewer,Three.js ColladaLoader renders 94 ATAK vehicle models in-browser,tests/site/test_model_viewer.mjs,test_model_viewer,Integration Test,MISSING,MEDIUM,4,Three.js OrbitControls lazy-load DAE with textures,2,,REQ-SITE-005,,developer,v0.4,,,.rtmx/requirements/SITE/REQ-SITE-009.md,
